id,name,rating,address,city,lat,long
0,99-tea-house-fremont-2,4.5,3623 Thornton Ave,Fremont,37.5630,-122.0100
1,one-tea-fremont-2,4.5,46809 Warm Springs Blvd,Fremont,37.4891,-121.9294
2,royaltea-usa-fremont,4,38509 Fremont Blvd,Fremont,37.5513,-121.9938
3,teco-tea-and-coffee-bar-fremont,4.5,39030 Paseo Padre Pkwy,Fremont,37.5537,-121.9810
4,t-lab-fremont-3,4,34133 Fremont Blvd,Fremont,37.5761,-122.0437
5,q-tea-monster-newark,4,39181 Cedar Blvd,Newark,37.5230,-122.0058
6,gong-cha-fremont,4,46827 Warm Springs Blvd,Fremont,37.4886,-121.9292
7,happy-lemon-fremont-2,4.5,46873 Warm Spring Blvd,Fremont,37.4884,-121.9304
8,factory-tea-bar-fremont-2,3.5,46461 Mission Blvd,Fremont,37.4923,-121.9279
9,super-cue-cafe-fremont,3.5,43743 Boscell Rd,Fremont,37.5008,-121.9732
10,milk-and-honey-cafe-fremont,3.5,34265 Fremont Blvd,Fremont,37.5754,-122.0426
11,tea-island-fremont-2,4,46196 Warm Springs Blvd,Fremont,37.4935,-121.9299
12,taro-taro-dessert-and-tea-house-fremont,3.5,6018 Stevenson Blvd,Fremont,37.5196,-121.9895
13,i-tea-fremont-2,3.5,43421 Christy St,Fremont,37.5050,-121.9712
14,i-tea-newark,4,34925 Newark Blvd,Newark,37.5507,-122.0515
15,sharetea-fremont-2,4,3948 Washington Blvd,Fremont,37.5320,-121.9579
16,urbain-tea-fremont,3.5,1590 Washington Blvd,Fremont,37.5312,-121.9370
17,mandro-teahouse-newark-3,4,34956 Newark Blvd,Newark,37.5515,-122.0503
18,gong-cha-newark,4,39730 Cedar Blvd,Newark,37.5208,-121.9964
19,tea-six-fremont-2,3.5,34460 Fremont Blvd,Fremont,37.5751,-122.0386
20,tata-teahouse-fremont-2,3,39230 Argonaut Way,Fremont,37.5438,-121.9868
21,tea-station-newark,3.5,39115 Cedar Blvd,Newark,37.5234,-122.0066
22,sno-crave-tea-house-fremont,3,43773 Boscell Rd,Fremont,37.5000,-121.9736
23,boba-queen-fremont,5,34420 Fremont Blvd,Fremont,37.5757,-122.0398
24,t4-tea-fremont-2,3.5,43430 Mission Blvd,Fremont,37.5318,-121.9194
25,boba-fitt-drinks-union-city,3.5,31877 Alvarado Blvd,Union City,37.5897,-122.0711
26,sweet-home-cafe-fremont-2,3.5,6068 Stevenson Blvd,Fremont,37.5181,-121.9895
27,tea-era-mountain-view-2,4,271 Castro St,Mountain View,37.3930,-122.0793
28,teaspoon-los-altos,4,4546 El Camino Real,Los Altos,37.4013,-122.1145
29,t4-fremont-8,3.5,46132 Warm Springs Blvd,Fremont,37.4933,-121.9313
30,my-delights-fremont,4,43486 Ellsworth St,Fremont,37.5305,-121.9206
31,t4-fremont-3,3,36400 Fremont Blvd,Fremont,37.5631,-122.0153
32,sno-crave-teahouse-union-city,4,1788 Decoto Rd,Union City,37.5890,-122.0209
33,sharetea-union-city-3,3.5,34391 Alvarado Niles Rd,Union City,37.5872,-122.0227
34,tastea-san-jose-2,4,1160 N Capitol Ave,San Jose,37.3878,-121.8602
35,i-tea-castro-valley,4,20666 Redwood Rd,Castro Valley,37.6959,-122.0729
36,caface-newark-2,3.5,6180 Jarvis Ave,Newark,37.5487,-122.0493
37,tea-villa-milpitas,4,1679 N Milpitas Blvd,Milpitas,37.4547,-121.9116
38,mr-green-bubble-union-city,3.5,1644 Decoto Rd,Union City,37.5896,-122.0207
39,pop-tea-bar-palo-alto-2,4,456 Cambridge Ave,Palo Alto,37.4266,-122.1463
40,i-tea-milpitas,4,760 E Calaveras Blvd,Milpitas,37.4327,-121.8928
41,joy-4-tea-union-city,3.5,32148 Alvarado Blvd,Union City,37.5894,-122.0677
42,sweet-coco-fremont-3,4,46164 Warm Springs Blvd,Fremont,37.4937,-121.9305
43,icy-blue-fremont,3.5,43360 Mission Blvd,Fremont,37.5326,-121.9195
44,teatop-milpitas,4.5,82 Ranch Dr,Milpitas,37.4264,-121.9216
45,ten-ren-tea-co-of-milpitas-milpitas,4.5,1732 N Milpitas Blvd,Milpitas,37.4556,-121.9100
46,fantasia-coffee-and-tea-milpitas-2,4,528 Barber Ln,Milpitas,37.4208,-121.9166
47,tapioca-express-union-city-2,3.5,1707 Decoto Rd,Union City,37.5894,-122.0218
48,gong-cha-palo-alto,4,439 Waverley St,Palo Alto,37.4476,-122.1607
49,sharetea-san-leandro-3,4,699 Lewelling Blvd,San Leandro,37.6875,-122.1360
50,boba-guys-san-francisco-6,4,429 Stockton St,San Francisco,37.7899,-122.4073
51,boba-guys-san-francisco-4,4,3491 19th St,San Francisco,37.7599,-122.4211
52,wonderful-dessert-and-cafe-san-francisco-2,4,2035 Irving St,San Francisco,37.7633,-122.4799
53,little-sweet-san-francisco-10,4,3836 Geary Blvd,San Francisco,37.7814,-122.4608
54,teaspoon-san-francisco,4,2125 Polk St,San Francisco,37.7963,-122.4220
55,boba-guys-san-francisco-10,4,1522 Fillmore St,San Francisco,37.7837,-122.4325
56,i-tea-san-francisco-3,4.5,253 Kearny St,San Francisco,37.7906,-122.4043
57,boba-guys-san-francisco-7,4,8 Octavia St,San Francisco,37.7729,-122.4235
58,plentea-san-francisco-san-francisco,3.5,341 Kearny St,San Francisco,37.7914,-122.4042
59,steap-tea-bar-san-francisco-3,4.5,827 Sacramento St,San Francisco,37.7933,-122.4068
60,purple-kow-san-francisco-2,3.5,3620 Balboa St,San Francisco,37.7759,-122.4978
61,omg-tea-san-francisco,4.5,2891 San Bruno Ave,San Francisco,37.7255,-122.4025
62,asha-tea-house-san-francisco,4,17 Kearny St,San Francisco,37.7882,-122.4037
63,super-cue-cafe-san-francisco,4,1139 Taraval St,San Francisco,37.7429,-122.4783
64,boba-guys-san-francisco-15,4,1002 16th St,San Francisco,37.7666,-122.3971
65,infinitea-san-francisco,5,5351 Geary Blvd,San Francisco,37.7803,-122.4771
66,steep-san-francisco-2,4,240 Ritch St,San Francisco,37.7803,-122.3958
67,mr-t-cafe-san-francisco,4,4689 Mission St,San Francisco,37.7232,-122.4356
68,tpumps-san-francisco,3.5,1916 Irving St,San Francisco,37.7636,-122.4786
69,tj-cups-san-francisco-5,4,2437 Noriega St,San Francisco,37.7534,-122.4899
70,wondertea-san-francisco-4,4.5,2250 Irving St,San Francisco,37.7635,-122.4824
71,the-boba-shop-san-francisco-4,4.5,2071 3rd St,San Francisco,37.7636,-122.3886
72,steep-creamery-and-tea-san-francisco,4,270 Brannan St,San Francisco,37.7825,-122.3912
73,bubblecup-san-francisco-2,3.5,1900 Clement St,San Francisco,37.7823,-122.4797
74,sweet-a-little-san-francisco-12,4.5,355 8th St,San Francisco,37.7745,-122.4092
75,tea-hut-san-francisco-2,4.5,2815 California St,San Francisco,37.7879,-122.4408
76,i-tea-san-francisco-2,3.5,2150 Irving St,San Francisco,37.7635,-122.4811
77,tancca-san-francisco-3,4.5,5015 Geary Blvd,San Francisco,37.7804,-122.4733
78,sharetea-san-francisco-3,3.5,135 4th St,San Francisco,37.7845,-122.4034
79,mi-tea-san-francisco,3.5,645 Irving St,San Francisco,37.7640,-122.4650
80,bb-tea-station-san-francisco-3,3.5,1314 Noriega St,San Francisco,37.7543,-122.4779
81,tea-fm-san-francisco-3,3.5,1353 Taraval St,San Francisco,37.7426,-122.4809
82,keep-it-san-francisco-6,4.5,1170 Powell St,San Francisco,37.7956,-122.4098
83,mr-and-mrs-tea-house-san-francisco,3.5,544 Clement,San Francisco,37.7830,-122.4652
84,e-tea-san-francisco,3.5,5344 Geary Blvd,San Francisco,37.7805,-122.4770
85,gosu-san-francisco,3.5,1014 Clement St,San Francisco,37.7829,-122.4702
86,homeplate-boba-san-francisco,4,131-155 King St,San Francisco,37.7787,-122.3902
87,cuppa-san-francisco,3.5,2810 Diamond St,San Francisco,37.7343,-122.4342
88,super-cue-cafe-san-francisco-2,5,1330 Ocean Ave,San Francisco,37.7243,-122.4570
89,puppy-bobar-san-francisco,5,1142 Grant Ave,San Francisco,37.7975,-122.4068
90,cool-tea-bar-san-francisco-4,3.5,103 Waverly Pl,San Francisco,37.7943,-122.4069
91,little-heaven-deli-san-francisco,4.5,2348 Mission St,San Francisco,37.7595,-122.4194
92,5-sweets-san-francisco,4.5,1125 Ocean Ave 102,San Francisco,37.7233,-122.4546
93,good-earth-cafe-san-francisco-2,4.5,835 Kearny St,San Francisco,37.7958,-122.4054
94,sweethut-san-francisco,3.5,519 Clement St,San Francisco,37.7829,-122.4647
95,frostea-daly-city-2,3.5,6178 Mission St,Daly City,37.7069,-122.4588
96,teaone-san-francisco-5,3.5,5336 Geary Blvd,San Francisco,37.7808,-122.4768
97,fifty-fifty-coffee-and-tea-san-francisco,4,3157 Geary Blvd,San Francisco,37.7814,-122.4529
98,honey-creme-and-tea-san-francisco,3.5,839 Irving St,San Francisco,37.7638,-122.4671
99,bambu-san-francisco-3,4,6050 Geary Blvd,San Francisco,37.7804,-122.4846
100,i-tea-oakland,4,388 9th St,Oakland,37.8006,-122.2707
101,mr-green-bubble-oakland,3.5,4299 Piedmont Ave,Oakland,37.8290,-122.2493
102,t-and-bowl-oakland,4,901 Franklin St,Oakland,37.8005,-122.2722
103,u-cha-berkeley,4,2199 Bancroft Way,Berkeley,37.8679,-122.2661
104,the-sweet-booth-oakland,4,388 9th St,Oakland,37.8004,-122.2718
105,asha-tea-house-berkeley,4,2086 University Ave,Berkeley,37.8720,-122.2689
106,i-tea-alameda,4,1626 Park St,Alameda,37.7674,-122.2400
107,t4-oakland,3,1068 Webster St,Oakland,37.8010,-122.2701
108,wing-man-oakland-3,4,5295 College Ave,Oakland,37.8382,-122.2517
109,sharetea-berkeley,4,2440 Bancroft Way,Berkeley,37.8684,-122.2605
110,happy-lemon-berkeley-berkeley,4,2106 Shattuck Ave,Berkeley,37.8709,-122.2686
111,milk-tea-lab-pleasant-hill,4,1972 Contra Costa Blvd,Pleasant Hill,37.9486,-122.0582
112,boba-ninja-berkeley,4,2519B Durant Ave,Berkeley,37.8682,-122.2580
113,sharetea-alameda-4,3.5,2670 5th St,Alameda,37.7867,-122.2813
114,purple-kow-berkeley-2,3.5,2164 Center St,Berkeley,37.8704,-122.2663
115,teaway-alameda,3.5,2402 Central Ave,Alameda,37.7639,-122.2427
116,i-tea-walnut-creek-3,4,1245 N Broadway,Walnut Creek,37.8981,-122.0593
117,sweetheart-cafe-oakland,3.5,315 9th St,Oakland,37.7994,-122.2701
118,gelato-firenze-and-qtea-bar-oakland,4,478 Lake Park Ave,Oakland,37.8111,-122.2472
119,tea-delight-alameda-2,4,650 Central Ave,Alameda,37.7708,-122.2775
120,quickly-oakland-4,4.5,1243 33rd Ave,Oakland,37.7765,-122.2251
121,i-tea-san-leandro-2,4,177 Pelton Ctr Way,San Leandro,37.7227,-122.1544
122,50-tea-oakland,3.5,1004 Webster St,Oakland,37.8007,-122.2702
123,tea-press-berkeley-2,4,2552 Bancroft Way,Berkeley,37.8686,-122.2578
124,taiwan-bento-oakland-4,4,412 22nd St,Oakland,37.8110,-122.2665
125,u-tea-cafe-oakland,3,1728 A Franklin St,Oakland,37.8064,-122.2683
126,t4-alameda-2,3.5,1431 A Park St,Alameda,37.7651,-122.2423
127,teazzert-alameda,3.5,1342 Park St,Alameda,37.7635,-122.2432
128,qteabar-oakland,5,478 Lake Park Ave,Oakland,37.8111,-122.2472
129,the-burrow-brisbane-4,4.5,109 Visitacion,Brisbane,37.6835,-122.4029
130,sweet-belly-oakland,4.5,435 19th St,Oakland,37.8076,-122.2689
131,sancha-bar-oakland-3,2.5,251 9th St,Oakland,37.7990,-122.2688
132,alice-street-bakery-café-oakland-2,4.5,251 10th St,Oakland,37.7996,-122.2684
133,t4-san-leandro,5,1443 E 14th St,San Leandro,37.7238,-122.1547
134,quickly-oakland-5,3.5,3306 Lakeshore Ave,Oakland,37.8106,-122.2439
135,bubble-tea-share-time-berkeley,4,1938 Shattuck Ave,Berkeley,37.8732,-122.2686
136,shooting-star-cafe-oakland,3.5,1022 Webster St,Oakland,37.8010,-122.2701
137,pekoe-san-jose,4,3276 S White Rd,San Jose,37.3146,-121.7902
138,tea-lyfe-drinks-san-jose-3,4,989 Story Rd,San Jose,37.3323,-121.8577
139,teahee-san-jose,4,979 Story Rd,San Jose,37.3311,-121.8574
140,boba-pub-san-jose,4,1576 Branham Ln,San Jose,37.2534,-121.9015
141,teaspoon-san-jose-2,4,4328 Moorpark Ave,San Jose,37.3158,-121.9783
142,passion-t-snacks-and-desserts-san-jose,4,2266 Senter Rd,San Jose,37.3105,-121.8500
143,pop-up-tea-coffee-and-snacks-san-jose,4,185 Branham Ln,San Jose,37.2670,-121.8341
144,happy-lemon-san-jose-5,4.5,3005 Silver Creek Rd,San Jose,37.3086,-121.8135
145,boba-bar-san-jose-3,3.5,310 S 3rd St,San Jose,37.3324,-121.8845
146,sinceretea-san-jose-2,4,392 E Taylor St,San Jose,37.3529,-121.8918
147,bobateani-san-jose,5,75 E Santa Clara St,San Jose,37.3371,-121.8894
148,soyful-desserts-san-jose-2,4,999 Story Rd,San Jose,37.3320,-121.8568
149,one-tea-san-jose-4,4,231 E Santa Clara St,San Jose,37.3386,-121.8857
150,i-tea-san-jose,4,2936 Aborn Square Rd,San Jose,37.3123,-121.8098
151,the-tea-zone-and-fruit-bar-san-jose,3.5,980 S Winchester Blvd,San Jose,37.3095,-121.9496
152,createave-cafe-san-jose-4,4,1698 Hostetter Rd,San Jose,37.3870,-121.8836
153,tleaf-teapresso-san-jose-3,4,860 Blossom Hill Rd,San Jose,37.2487,-121.8580
154,katea-san-jose,4.5,5700 Village Oaks Dr,San Jose,37.2525,-121.8501
155,teatop-san-jose-2,4,6158 Bollinger Rd,San Jose,37.3087,-122.0126
156,bubbly-san-jose-4,4,1816 Tully Rd,San Jose,37.3223,-121.8241
157,vampire-penguin-featuring-jastea-san-jose,4,2671 Cropley Ave,San Jose,37.4042,-121.8819
158,simply-boba-san-jose,4,3005 Silver Creek Rd,San Jose,37.3089,-121.8132
159,happy-lemon-cupertino,4.5,20488 Stevens Creek Blvd,Cupertino,37.3226,-122.0312
160,amor-cafe-and-tea-san-jose,5,110 E San Fernando St,San Jose,37.3355,-121.8866
161,shincha-tea-san-jose-3,4,2487 Alvin Ave,San Jose,37.3192,-121.8270
162,sharetea-santa-clara-3,4,1171 Homestead Rd,Santa Clara,37.3487,-121.9462
163,chatime-san-jose-san-jose-3,4,311 N Capitol Ave,San Jose,37.3697,-121.8454
164,pure-tea-bar-san-jose,3.5,6195 Santa Teresa Blvd,San Jose,37.2364,-121.8048
165,t-spot-boba-drinks-and-snacks-san-jose,4,2520 Berryessa Rd,San Jose,37.3880,-121.8589
166,meow-tea-san-jose,4,2857 Senter Rd,San Jose,37.2996,-121.8402
167,fantasia-coffee-and-tea-san-jose-4,3.5,378 Santana Row,San Jose,37.3195,-121.9476
168,monster-boba-cupertino-3,3.5,10787 S Blaney Ave,Cupertino,37.3113,-122.0236
169,teasociety-san-jose,3.5,1658 E Capitol Expy,San Jose,37.3062,-121.8105
170,bfresh-snacks-and-drinks-san-jose,4,3005 Silver Creek Rd,San Jose,37.3086,-121.8135
171,beibay-tea-san-jose,4,1180 Blossom Hill Rd,San Jose,37.2497,-121.8793
172,gong-cha-san-jose-19,3.5,1701 Lundy Ave,San Jose,37.3875,-121.8873
173,sweet-gelato-tea-lounge-san-jose,4.5,979 Story Rd,San Jose,37.3313,-121.8574
174,sharetea-san-jose-3,3.5,1728 Hostetter Rd,San Jose,37.3875,-121.8829
175,gong-cha-san-jose-8,3.5,1600 Saratoga Ave,San Jose,37.2923,-121.9887
176,soyful-desserts-san-jose-8,4,3005 Silver Creek Rd,San Jose,37.3091,-121.8144
177,oooh-san-jose-4,4,1783 E Capitol Expwy,San Jose,37.3095,-121.8099
178,the-tea-zone-lounge-san-jose,4,403 N Capitol Ave,San Jose,37.3720,-121.8461
179,the-moo-bar-santa-clara,3.5,1080 Kiely Blvd,Santa Clara,37.3459,-121.9792
180,tapioca-express-san-jose-8,4,81 Curtner Ave,San Jose,37.3030,-121.8646
181,purple-kow-san-jose-4,3.5,2435 S King Rd,San Jose,37.3210,-121.8254
182,heritage-eats-napa,4.5,3824 Bel Aire Plz,Napa,38.3239,-122.3071
183,yobelle-napa-2,3.5,1000 Main St,Napa,38.2992,-122.2853
184,morimoto-napa-napa,4,610 Main St,Napa,38.2967,-122.2833
185,napa-noodles-napa,3,1124 1st St,Napa,38.2988,-122.2865
186,crave-cafe-and-catering-american-canyon,3.5,3419 Broadway St,American Canyon,38.1690,-122.2543
187,quickly-american-canyon-3,2.5,410 Napa Junction Rd,American Canyon,38.1849,-122.2537
188,top-that-frozen-yogurt-sonoma,3.5,531 Broadway Ave,Sonoma,38.2914,-122.4581
189,over-the-top-shop-frozen-yogurt-american-canyon,2.5,5075 Main St,American Canyon,38.1810,-122.2540
190,sushi-grill-vallejo,4,5184 Sonoma Blvd,Vallejo,38.1481,-122.2530
191,palm-thai-bistro-fairfield,4.5,5089 Business Center Dr,Fairfield,38.2155,-122.1432
192,green-bamboo-restaurant-fairfield,3.5,4437 Central Pl,Fairfield,38.2219,-122.1251
193,thai-kitchen-american-canyon,3.5,3425 Broadway St,American Canyon,38.1702,-122.2541
194,sactomofo-sacramento-6,3.5,5478 Boswell Way,Sacramento,38.6746,-121.5086
195,westea-pleasanton,4,4233 Rosewood Dr,Pleasanton,37.6984,-121.8741
196,baotea-cafe-pleasanton-2,4.5,6654 Koll Center Pkwy,Pleasanton,37.6588,-121.8982
197,i-tea-dublin-dublin,4,4064 Grafton St,Dublin,37.7032,-121.8659
198,aroma-tapioca-tea-and-coffee-pleasanton,3.5,4833 Hopyard Rd,Pleasanton,37.6929,-121.9018
199,i-tea-pleasanton,4,915 Main St,Pleasanton,37.6659,-121.8742
200,t4-dublin,3.5,3744 Fallon Rd,Dublin,37.7038,-121.8512
201,tea-factory-dublin-2,4,8945 San Ramon Rd,Dublin,37.7222,-121.9419
202,icicles-pleasanton,4,600 Main St,Pleasanton,37.6613,-121.8751
203,sharetea-dublin-3,4,7375 Amador Valley Blvd,Dublin,37.7104,-121.9274
204,cafe-tapioca-dublin,3.5,7160 Regional St,Dublin,37.7040,-121.9342
205,quickly-pleasanton,3.5,1 Stoneridge Mall Rd,Pleasanton,37.6957,-121.9293
206,letea-pleasanton-2,2.5,4299 Rosewood Dr,Pleasanton,37.6996,-121.8733
207,tea-breeze-pleasanton,3,4275 Rosewood Dr,Pleasanton,37.6995,-121.8741
208,360-crepes-pleasanton-3,4,3120 Santa Rita Rd,Pleasanton,37.6905,-121.8775
209,t4-san-ramon-2,3.5,9140 Alcosta Blvd,San Ramon,37.7302,-121.9301
210,i-tea-san-ramon-3,4,21001 San Ramon Valley Blvd,San Ramon,37.7241,-121.9444
211,snowflake-dublin,3.5,4288 Dublin Blvd,Dublin,37.7048,-121.8752
212,quickly-dublin,2.5,4288 Dublin Blvd,Dublin,37.7058,-121.8761
213,cafe-taiwan-pleasanton-9,4,3550 Stanley Blvd,Pleasanton,37.6697,-121.8588
214,cafe-junction-pleasanton-3,4,5321 Hopyard Rd,Pleasanton,37.6994,-121.9048
215,o-honey-dublin,4,3862 Fallon Rd,Dublin,37.7050,-121.8515
216,the-mix-creamery-dublin-2,4,6601 Dublin Blvd,Dublin,37.7044,-121.9116
217,tasty-pot-dublin,4,4288 Dublin Blvd,Dublin,37.7046,-121.8755
218,ohana-hawaiian-bbq-of-pleasanton-pleasanton,5,5410 Sunol Blvd,Pleasanton,37.6522,-121.8786
219,99-ranch-market-pleasanton,3.5,4299 Rosewood Dr,Pleasanton,37.6996,-121.8733
220,menchies-frozen-yogurt-dublin,4,3742 Fallon Rd,Dublin,37.7037,-121.8515
221,blossom-bee-dublin,4,7335 Village Pkwy,Dublin,37.7109,-121.9264
222,berry-delight-pleasanton,3,1008 Stoneridge Mall Rd,Pleasanton,37.6946,-121.9316
223,new-thai-bistro-pleasanton-2,4.5,4301 D Valley Ave,Pleasanton,37.6772,-121.8758
224,tutti-frutti-frozen-yogurt-dublin,3,4930 Dublin Blvd,Dublin,37.7040,-121.8853
225,kee-wah-bakery-dublin,4,4288 Dublin Blvd,Dublin,37.7046,-121.8758
226,blush-organic-frozen-yogurt-dublin,4,4640 Tassajara Rd,Dublin,37.7080,-121.8731
227,koi-palace-dublin,3.5,Ulferts Ctr,Dublin,37.7046,-121.8760
228,berry-and-berry-yogurt-livermore,2.5,2774 Livermore Outlets Dr,Livermore,37.6981,-121.8422
229,pho-saigon-city-pleasanton,3,4275 Rosewood Dr,Pleasanton,37.6995,-121.8739
230,yogurtland-dublin,4,6851 Amador Plz Rd,Dublin,37.7058,-121.9271
231,lees-sandwiches-dublin-2,3.5,4101 Dublin Blvd,Dublin,37.7062,-121.8738
232,osaka-ramen-dublin,3,4288 Dublin Blvd,Dublin,37.7052,-121.8762
233,pho-99-dublin-5,4,7459 Amador Valley Blvd,Dublin,37.7103,-121.9286
234,tandoori-pizza-dublin,4,4060 Grafton St,Dublin,37.7031,-121.8660
235,halu-shabu-shabu-dublin,3,4288 Dublin Blvd,Dublin,37.7046,-121.8755
236,amakara-dublin,4,7222 Regional St,Dublin,37.7051,-121.9349
237,pho-saigon-garden-dublin,3.5,7265 Regional St,Dublin,37.7057,-121.9337
238,pho-saigon-noodle-house-san-ramon,3.5,9150 Alcosta Blvd,San Ramon,37.7294,-121.9314
239,85-c-bakery-cafe-newark,3.5,35201 Newark Blvd,Newark,37.5477,-122.0466
240,blackball-desserts-union-city-union-city,3.5,34563 Alvarado Niles Rd,Union City,37.5866,-122.0202
241,tasty-pot-newark,4,34909 Newark Blvd,Newark,37.5508,-122.0509
242,icicles-newark,4,39055 Cedar Blvd,Newark,37.5231,-122.0079
243,che-lo-union-city-2,5,1767 Decoto Blvd,Union City,37.5896,-122.0225
244,fusion-mix-frozen-yogurt-fremont-2,4.5,4144 Walnut Ave,Fremont,37.5436,-121.9841
245,crepe-bar-newark,4,2078 Newpark Mall,Newark,37.5282,-122.0002
246,q-cup-fremont,3,39129 Fremont Blvd,Fremont,37.5462,-121.9874
247,bambu-newark-2,3.5,6058 Mowry Ave,Newark,37.5237,-122.0071
248,bambu-union-city-2,3.5,31812-31822 Alvarado Blvd,Union City,37.5915,-122.0711
249,storm-crepes-newark,4.5,39658 Cedar Blvd,Newark,37.5218,-121.9974
250,sweet-orchid-fremont,4.5,34460 Fremont Blvd,Fremont,37.5751,-122.0389
251,jenjons-cafe-union-city,4,1704 Decoto Rd,Union City,37.5891,-122.0188
252,k-pop-cafe-fremont,4,35041 Fremont Blvd,Fremont,37.5704,-122.0319
253,milkcow-fremont-2,3.5,5657 Auto Mall Pkwy,Fremont,37.5047,-121.9763
254,boba-guys-san-carlos-2,4,872 Laurel St,San Carlos,37.5027,-122.2570
255,teaquation-redwood-city,4.5,1036 El Camino Real,Redwood City,37.4840,-122.2327
256,t4-hayward-3,3.5,1033 B St,Hayward,37.6731,-122.0820
257,sweet-spot-castro-valley,4.5,20669 Santa Maria Ave,Castro Valley,37.6961,-122.0786
258,teaster-hayward-2,3.5,410 W A St,Hayward,37.6660,-122.1084
259,sharetea-palo-alto-2,4,540 Bryant St,Palo Alto,37.4454,-122.1610
260,chatime-redwood-city-2,4,2202 Broadway St,Redwood City,37.4871,-122.2296
261,eko-coffee-bar-and-tea-house-hayward,4,1075 B St,Hayward,37.6737,-122.0814
262,tea-era-cupertino,4,20916 Homestead Rd,Cupertino,37.3372,-122.0404
263,fantasia-coffee-and-tea-cupertino,4,10933 N Wolfe Rd,Cupertino,37.3361,-122.0159
264,tpumps-cupertino,3.5,19959 Stevens Creek Blvd,Cupertino,37.3232,-122.0229
265,super-cue-cafe-cupertino,3.5,19620 Stevens Creek Blvd,Cupertino,37.3224,-122.0167
266,happy-lemon-cupertino-5,4.5,10963 N Wolfe Rd,Cupertino,37.3362,-122.0151
267,ten-ren-tea-cupertino,4,10881 N Wolfe Rd,Cupertino,37.3356,-122.0150
268,meet-fresh-cupertino,3,19449 Stevens Creek Blvd,Cupertino,37.3244,-122.0106
269,hechaa-cupertino-4,3.5,10619 S De Anza Blvd,Cupertino,37.3136,-122.0326
270,calibear-cyber-cafe-sunnyvale-6,4.5,1336 S Mary Ave,Sunnyvale,37.3507,-122.0496
271,happy-lemon-sunnyvale-2,5,605 E El Camino Real,Sunnyvale,37.3619,-122.0245
272,what8ver-express-cupertino-2,3.5,10118 Bandley Dr,Cupertino,37.3245,-122.0341
273,gong-cha-sunnyvale,4.5,1641 Hollenbeck Ave,Sunnyvale,37.3393,-122.0426
274,cafe-lattea-cupertino,3.5,19501 Stevens Creek Blvd,Cupertino,37.3232,-122.0123
275,t4-cupertino-cupertino,4,19505 Stevens Creek Blvd,Cupertino,37.3233,-122.0128
276,sharetea-sunnyvale-3,4,568 El Camino Real,Sunnyvale,37.3624,-122.0273
277,tea-chansii-cupertino,3,19449 Stevens Creek Blvd,Cupertino,37.3244,-122.0111
278,verde-tea-house-cupertino-2,3.5,10477 S De Anza Blvd,Cupertino,37.3162,-122.0325
279,bubble-tea-time-saratoga,4,18564 Prospect Rd,Saratoga,37.2917,-121.9964
280,the-tea-zone-and-fruit-bar-mountain-view,4.5,805 El Camino Real,Mountain View,37.3857,-122.0844
281,teaspoon-santa-clara-7,4,3450 El Camino Real,Santa Clara,37.3520,-121.9912
282,beastea-santa-clara,4,2785 El Camino Real,Santa Clara,37.3530,-121.9771
283,teaspoon-mountain-view,3.5,236 Castro St,Mountain View,37.3935,-122.0796
284,tea-annie-mountain-view,4,1712 Miramonte Ave,Mountain View,37.3723,-122.0880
285,verde-tea-cafe-mountain-view,3.5,852 Villa St,Mountain View,37.3942,-122.0795
286,teafans-sunnyvale,3.5,927 E Arques Ave,Sunnyvale,37.3814,-122.0081
287,85-c-bakery-cafe-san-jose-5,3.5,1183 S De Anza Blvd,San Jose,37.3036,-122.0324
288,matcha-love-san-jose-6,4,675 Saratoga Ave,San Jose,37.3150,-121.9781
289,bambu-sunnyvale-2,3.5,189 W Washington Ave,Sunnyvale,37.3763,-122.0313
290,icicles-cupertino,4,19622 Stevens Creek Blvd,Cupertino,37.3225,-122.0179
291,sunnywich-cafe-sunnyvale,4.5,223 East Maude Ave,Sunnyvale,37.3879,-122.0245
292,ocha-tea-café-and-restaurant-mountain-view-2,3.5,1350 Grant Rd,Mountain View,37.3770,-122.0767
293,bubble-bay-tea-santa-clara,3.5,4300 Great America Pkwy,Santa Clara,37.3929,-121.9774
294,jazen-tea-san-jose-4,3.5,1089 S De Anza Blvd,San Jose,37.3066,-122.0328
295,comebuy-tea-and-coffee-santa-clara,3.5,2712 Augustine Dr,Santa Clara,37.3822,-121.9762
296,music-tunnel-ktv-cafe-san-jose-2,3.5,1132 S De Anza Blvd,San Jose,37.3053,-122.0317
297,jazen-tea-santa-clara-3,3.5,3147 Mission College Blvd,Santa Clara,37.3883,-121.9836
298,butterfly-santa-clara,4,1000 Lafayette St,Santa Clara,37.3503,-121.9438
299,quickly-cupertino,3,21265 Stevens Creek Blvd,Cupertino,37.3235,-122.0474
300,california-mochi-santa-clara-4,4,3030 El Camino Real,Santa Clara,37.3518,-121.9812
301,t4-livermore-livermore-2,4,4010 E Ave,Livermore,37.6808,-121.7480
302,orange-tea-livermore,4.5,6033 Northfront Rd,Livermore,37.7119,-121.7234
303,big-fat-straw-cafe-livermore-2,4,980 Murrieta Blvd,Livermore,37.6761,-121.7851
304,donut-wheel-livermore,4,2017 1st St,Livermore,37.6807,-121.7708
305,t4-san-ramon-3,3,11020 Bollinger Canyon Rd,San Ramon,37.7750,-121.9241
306,saigon-cafe-livermore,4,2011 2nd St,Livermore,37.6800,-121.7706
307,rice-paper-bistro-livermore,3.5,1548 N Vasco Rd,Livermore,37.7182,-121.7248
308,menchies-frozen-yogurt-livermore,4,973 E Stanley Blvd,Livermore,37.6784,-121.7841
309,la-farfalla-bakery-fremont,4,39947 Mission Blvd,Fremont,37.5567,-121.9524
310,ice3-creamery-fremont,4,39957 Mission Blvd,Fremont,37.5565,-121.9526
311,yogurt-shop-danville,4,3450 Camino Tassajara Rd,Danville,37.7987,-121.9187
312,bean-scene-cafe-fremont-2,4,4000 Bay St,Fremont,37.5327,-121.9593
313,yogurtland-san-ramon,4,152 Sunset Dr,San Ramon,37.7624,-121.9609
314,chilly-and-munch-mountain-view,4.5,2101 Showers Dr,Mountain View,37.4068,-122.1070
315,jazen-tea-mountain-view-3,3,220 Castro St,Mountain View,37.3937,-122.0794
316,t4-palo-alto-2,3.5,165 University Ave,Palo Alto,37.4445,-122.1634
317,pearl-cafe-mountain-view,3.5,506A Showers Dr,Mountain View,37.4030,-122.1068
318,tapioca-express-mountain-view,3,740 Villa St,Mountain View,37.3938,-122.0784
319,teaspoon-palo-alto-7,4.5,2675 Middlefield Rd,Palo Alto,37.4341,-122.1294
320,teaspoon-milpitas,4,201 W Calaveras Blvd,Milpitas,37.4287,-121.9113
321,teasociety-milpitas,3.5,55 N Milpitas Blvd,Milpitas,37.4342,-121.9007
322,t4-milpitas,3.5,540 Barber Ln,Milpitas,37.4207,-121.9166
323,bcute-tea-drinks-and-finger-foods-milpitas-2,4,200 Serra Way,Milpitas,37.4265,-121.9100
324,poke-xpress-milpitas,4.5,1236 S Abel St,Milpitas,37.4128,-121.9030
325,happy-lemon-milpitas-6,4,279 W Calaveras Blvd,Milpitas,37.4275,-121.9108
326,yummi-tea-cafe-san-jose-3,4,2191 Morrill Ave,San Jose,37.4149,-121.8759
327,sno-crave-tea-house-milpitas,3.5,1777 N Milpitas Blvd,Milpitas,37.4558,-121.9112
328,sancha-bar-milpitas,3.5,279 Jacklin Rd,Milpitas,37.4465,-121.9040
329,chick-and-tea-milpitas-4,3.5,1723 N Milpitas Blvd,Milpitas,37.4552,-121.9115
330,t4-san-jose,3.5,1671 N Capitol Ave,San Jose,37.3974,-121.8737
331,queens-cafe-milpitas,3.5,372 Barber Ln,Milpitas,37.4225,-121.9167
332,the-pennywort-san-jose-5,4,2056 N Capitol Ave,San Jose,37.4069,-121.8867
333,bambu-san-jose-9,4,1688 Hostetter Rd,San Jose,37.3862,-121.8844
334,black-pearl-san-jose-2,3,1055 E Brokaw Rd,San Jose,37.3843,-121.8974
335,happiness-cafe-san-jose,4.5,1688 Hostetter Rd,San Jose,37.3864,-121.8848
336,85-c-bakery-cafe-milpitas-2,3.5,672 Barber Ln,Milpitas,37.4195,-121.9156
337,simpletea-milpitas,3.5,1535 Landess Ave,Milpitas,37.4168,-121.8769
338,bambu-milpitas-7,3.5,89 S Park Victoria Dr,Milpitas,37.4339,-121.8843
339,fantasia-coffee-and-tea-santa-clara,3,3969 Rivermark Plz,Santa Clara,37.3953,-121.9465
340,shihlin-taiwan-street-snacks-milpitas,4,522 Barber Ln,Milpitas,37.4208,-121.9164
341,quickly-milpitas-2,2.5,1350 S Park Victoria Dr,Milpitas,37.4179,-121.8744
342,honeyberry-san-jose-9,4.5,3655 N 1st St,San Jose,37.4093,-121.9452
343,aroma-coffee-and-snacks-milpitas,4,1535 Landess Ave,Milpitas,37.4168,-121.8768
344,teatime-redwood-city,4,1003 El Camino Real,Redwood City,37.4846,-122.2324
345,comebuy-drinks-redwood-city,4,2074 Broadway,Redwood City,37.4868,-122.2277
346,teaspoon-redwood-city,4,2361 Broadway St,Redwood City,37.4862,-122.2307
347,davidstea-palo-alto-2,4.5,318 University Ave,Palo Alto,37.4461,-122.1610
348,pokélove-palo-alto,3.5,855 El Camino Real,Palo Alto,37.4386,-122.1605
349,bare-bowls-palo-alto,4,530 Emerson St,Palo Alto,37.4441,-122.1624
350,tea-time-palo-alto,3.5,542 Ramona St,Palo Alto,37.4446,-122.1615
351,chantal-guillon-macarons-and-teas-palo-alto-2,4.5,444 University Ave,Palo Alto,37.4475,-122.1597
352,happy-donuts-palo-alto,3.5,3916 El Camino Real,Palo Alto,37.4164,-122.1300
353,quickly-sunnyvale-4,3.5,415 N Mary Ave,Sunnyvale,37.3901,-122.0422
354,fraiche-palo-alto-2,4,200 Hamilton Ave,Palo Alto,37.4439,-122.1616
355,quickly-redwood-city,3,300 Walnut St,Redwood City,37.4918,-122.2242
356,coupa-café-palo-alto-3,3.5,538 Ramona St,Palo Alto,37.4447,-122.1615
357,cream-palo-alto-3,3.5,440 University Ave,Palo Alto,37.4476,-122.1598
358,ohana-express-redwood-city-2,4,640 Woodside Rd,Redwood City,37.4687,-122.2240
359,yogurtland-palo-alto,4,494 University Ave,Palo Alto,37.4481,-122.1592
360,coupa-café-lytton-palo-alto,3.5,111 Lytton Ave,Palo Alto,37.4445,-122.1652
361,green-bakery-and-café-los-altos-11,3.5,692 Fremont Ave,Los Altos,37.3605,-122.0968
362,wild-berry-yogurt-menlo-park,3.5,325 Sharon Park Dr,Menlo Park,37.4240,-122.1969
363,the-posh-bagel-los-altos,3.5,310 Main St,Los Altos,37.3784,-122.1170
364,paris-baguette-palo-alto,3.5,383 University Ave,Palo Alto,37.4472,-122.1608
365,taza-deli-and-cafe-redwood-city,5,1796 Broadway,Redwood City,37.4869,-122.2234
366,rojoz-gourmet-wraps-palo-alto-2,3.5,3906 Middlefield Rd,Palo Alto,37.4188,-122.1099
367,froyola-redwood-city,4,2206 Broadway St,Redwood City,37.4867,-122.2294
368,mr-green-bubble-sunnyvale,5,1255 S Mary Ave,Sunnyvale,37.3534,-122.0507
369,coupa-cafe-green-library-stanford,3.5,571 Escondido Mall,Stanford,37.4262,-122.1671
370,dohatsuten-palo-alto,3.5,799 San Antonio Rd,Palo Alto,37.4203,-122.1023
371,panda-express-mountain-view-2,2,1035 El Monte Ave,Mountain View,37.3910,-122.0953
372,nekter-juice-bar-mountain-view,3.5,685 San Antonio Rd,Mountain View,37.4016,-122.1132
373,green-leaf-asian-bistro-and-cafe-redwood-city-2,4,865 Middlefield Rd,Redwood City,37.4858,-122.2288
374,koma-sushi-restaurant-menlo-park-3,3.5,211 El Camino Real,Menlo Park,37.4484,-122.1744
375,the-axe-and-palm-stanford,2.5,Old Union Stanford University,Stanford,37.4254,-122.1705
376,cocohodo-sunnyvale-2,4,1082 E El Camino Real,Sunnyvale,37.3517,-122.0025
377,hotpot-first-sunnyvale,3.5,1149 N Lawrence Expy,Sunnyvale,37.3974,-121.9967
378,bean-scene-sunnyvale,3.5,186 S Murphy Ave,Sunnyvale,37.3762,-122.0302
379,sharetea-santa-clara-7,3.5,2855 Stevens Creek Blvd,Santa Clara,37.3255,-121.9446
380,jazen-tea-santa-clara-santa-clara,2.5,3484 El Camino Real,Santa Clara,37.3516,-121.9927
381,honeyberry-santa-clara,3.5,3488 El Camino Real,Santa Clara,37.3516,-121.9928
382,world-wrapps-2-0-santa-clara,4.5,3125 Mission College Blvd,Santa Clara,37.3892,-121.9834
383,youji-fresh-rolls-wine-and-tea-santa-clara,2.5,2855 Stevens Creek Blvd,Santa Clara,37.3260,-121.9442
384,frozos-frozen-yogurt-santa-clara,3.5,1000 Lafayette St,Santa Clara,37.3504,-121.9438
385,cool-tea-bar-south-san-francisco-4,3.5,630 El Camino Real,South San Francisco,37.6493,-122.4296
386,tiger-tea-and-juice-burlingame-3,4.5,1803 El Camino Real,Burlingame,37.5941,-122.3846
387,aqua-club-dessert-and-beverage-san-bruno,4.5,440 San Mateo Ave,San Bruno,37.6226,-122.4109
388,bobabia-san-mateo,4,271 - 273 Baldwin Ave,San Mateo,37.5672,-122.3254
389,happy-lemon-burlingame-4,4,1419 Burlingame Ave,Burlingame,37.5773,-122.3486
390,eggettes-south-san-francisco,4,639 El Camino Real,South San Francisco,37.6492,-122.4302
391,tpumps-burlingame,4,1118 Burlingame Ave,Burlingame,37.5794,-122.3459
392,teaspoon-san-mateo,4,128 E 3rd Ave,San Mateo,37.5643,-122.3238
393,cha-express-san-mateo,4,212 E 3rd Ave,San Mateo,37.5650,-122.3229
394,search-tea-millbrae-5,4,105 Park Blvd,Millbrae,37.6122,-122.4040
395,tea-world-pacifica,4,90 Eureka Sq,Pacifica,37.6337,-122.4887
396,t4-millbrae-10,3.5,315 Broadway,Millbrae,37.6012,-122.3922
397,i-tea-burlingame-2,5,346 Lorton Ave,Burlingame,37.5801,-122.3469
398,boba-dude-half-moon-bay,3.5,80 Cabrillo Hwy N,Half Moon Bay,37.4702,-122.4356
399,eggettes-millbrae-2,4,979 Broadway,Millbrae,37.6048,-122.3973
400,gong-cha-san-mateo-2,3.5,110 S B St,San Mateo,37.5667,-122.3240
401,bambu-south-san-francisco,3.5,2223 Gellert Blvd,South San Francisco,37.6492,-122.4530
402,super-cue-cafe-san-mateo-2,3.5,2986 S Norfolk St,San Mateo,37.5445,-122.2851
403,bambu-san-mateo-2,4,153 South B St,San Mateo,37.5665,-122.3233
404,eggettes-san-mateo,4,47 S B St,San Mateo,37.5674,-122.3241
405,chatime-san-mateo-2,3.5,165 E 4th Ave,San Mateo,37.5641,-122.3229
406,tpumps-foster-city,4,985 E Hillsdale Blvd,Foster City,37.5574,-122.2747
407,creme-brewlee-san-mateo-2,4,2948 S Norfolk St,San Mateo,37.5449,-122.2850
408,chatime-foster-city,3.5,969A Edgewater Blvd,Foster City,37.5447,-122.2711
409,quickly-san-mateo,3.5,142 E 3rd Ave,San Mateo,37.5644,-122.3235
410,fresh-nation-desserts-san-mateo-2,3,30 E 3rd Ave,San Mateo,37.5634,-122.3252
411,ya-ua-yogurt-and-boba-tea-belmont-2,4,1090 Alameda De Las Pulgas,Belmont,37.5102,-122.2938
412,snacks-san-mateo-2,4.5,31 N B St,San Mateo,37.5683,-122.3255
413,dessert-republic-san-mateo,3.5,138 Main St,San Mateo,37.5669,-122.3234
414,mints-and-honey-san-carlos,4.5,1524 El Camino Real,San Carlos,37.4961,-122.2477
415,bambu-millbrae-2,4.5,203 El Camino Real,Millbrae,37.6004,-122.3900
416,icicles-san-mateo,4,222 E 3rd Ave,San Mateo,37.5652,-122.3225
417,kingkat-bar-and-eatery-san-mateo-2,4.5,33 W 25th Ave,San Mateo,37.5437,-122.3066
418,quickly-burlingame-2,3.5,1407 Burlingame Ave,Burlingame,37.5772,-122.3488
419,antoines-cookie-shop-san-mateo-3,4.5,220 2nd Ave,San Mateo,37.5660,-122.3234
420,quickly-foster-city-3,3,969k Edgewater Blvd,Foster City,37.5448,-122.2710
421,moo-moo-yogurt-foster-city,4,969F Edgewater Blvd,Foster City,37.5441,-122.2707
422,clear-optometry-san-mateo,4,138 E 3rd Ave,San Mateo,37.5643,-122.3236
423,boiling-point-san-mateo,3,111 E 4th Ave,San Mateo,37.5639,-122.3234
424,cream-san-mateo,4,134 S B St,San Mateo,37.5665,-122.3237
425,poke-island-creasian-kitchen-san-mateo,4,43 S B St,San Mateo,37.5674,-122.3243
426,waterfront-cafe-burlingame,5,500 Airport Blvd,Burlingame,37.5903,-122.3414
427,never-too-latte-san-bruno-2,3.5,486 San Mateo Ave,San Bruno,37.6241,-122.4110
428,jougert-bar-burlingame,4.5,1115 Burlingame Ave,Burlingame,37.5793,-122.3457
429,mini-coffee-san-mateo-2,4,800 S B St,San Mateo,37.5617,-122.3189
430,sweet-indulgence-millbrae-3,3,298 Broadway,Millbrae,37.6008,-122.3914
431,ramen-dojo-san-mateo,4,805 S B St,San Mateo,37.5621,-122.3185
432,quickly-millbrae-4,4.5,325 El Camino Real,Millbrae,37.6015,-122.3915
433,bobo-drinks-fairfield-2,3.5,1305 Gateway Blvd,Fairfield,38.2641,-122.0503
434,t4-tea-for-u-fairfield,3,2700 N Texas St,Fairfield,38.2767,-122.0335
435,peace-love-and-boba-vacaville,4,3083 Alamo Dr,Vacaville,38.3354,-121.9546
436,halo-halo-bar-and-boba-station-suisun-city,4,303 Lawler Ctr Dr,Suisun City,38.2423,-122.0180
437,quickly-fairfield-3,2.5,1350 Travis Blvd,Fairfield,38.2604,-122.0546
438,tutti-frutti-fairfield-2,4,3334 N Texas St,Fairfield,38.2890,-122.0337
439,sharetea-concord-3,4,1850 Mount Diablo St,Concord,37.9762,-122.0336
440,i-tea-pittsburg,4,2121 Loveridge Rd,Pittsburg,38.0109,-121.8689
441,quickly-vallejo-12,3.5,145 Plaza Dr,Vallejo,38.1341,-122.2192
442,teazentea-brentwood-3,4.5,1135 2nd St,Brentwood,37.9369,-121.6981
443,quickly-vacaville,2.5,1667 E Monte Vista Ave,Vacaville,38.3701,-121.9618
444,mandro-teahouse-davis,4,1260 Lake Blvd,Davis,38.5542,-121.7870
445,tapioca-express-vallejo,3,3720 Sonoma Blvd,Vallejo,38.1253,-122.2553
446,okashi-fusion-vacaville,4.5,1679 E Monte Vista Ave,Vacaville,38.3703,-121.9595
447,cafe-tapioca-hercules,4,1581 Sycamore Ave,Hercules,38.0100,-122.2706
448,pho-saigon-no-1-vietnamese-restaurant-fairfield-2,4,1972 N Texas St,Fairfield,38.2650,-122.0331
449,ontap-davis,4,825 Russell Blvd,Davis,38.5465,-121.7607
450,t4-antioch-12,4,4532 Lone Tree Way,Antioch,37.9659,-121.7807
451,bobaloca-concord-4,3.5,1843 Willow Pass Rd,Concord,37.9750,-122.0389
452,teabo-café-davis,3.5,2191 Cowell Blvd,Davis,38.5408,-121.7247
453,lazi-cow-davis,3.5,407 G St,Davis,38.5465,-121.7401
454,t4-san-pablo-3,4,13350 San Pablo Ave,San Pablo,37.9548,-122.3342
455,t4-concord-concord,3.5,2151 Salvio St,Concord,37.9776,-122.0346
456,dragon-snow-el-sobrante,3.5,3550 San Pablo Dam Rd,El Sobrante,37.9630,-122.3199
457,cj-fusion-fairfield,3.5,201 Travis Blvd,Fairfield,38.2580,-122.0351
458,gong-cha-davis,3.5,1411 W Covell Blvd,Davis,38.5620,-121.7656
459,suisun-seafood-center-suisun-city,3.5,303 Lawler Center Dr,Suisun City,38.2423,-122.0180
460,teaone-davis,3.5,213 E St,Davis,38.5436,-121.7415
461,quickly-brentwood-brentwood,4.5,2415 Empire Ave,Brentwood,37.9603,-121.7327
462,t4-davis-3,4,132 E St,Davis,38.5431,-121.7405
463,bangkok-paradise-fairfield,4,3344 N Texas St,Fairfield,38.2917,-122.0329
464,easel-davis-2,4.5,620 W Covell Blvd,Davis,38.5603,-121.7571
465,sharetea-davis-davis-2,3.5,207 3rd St,Davis,38.5437,-121.7468
466,the-old-teahouse-davis-3,4,825 Russell Blvd,Davis,38.5465,-121.7607
467,pho-lee-hoa-phat-fairfield,3.5,870 E Travis,Fairfield,38.2584,-122.0208
468,skyview-noodle-and-tea-pittsburg-3,4.5,200 E 3rd St,Pittsburg,38.0329,-121.8821
469,noodle-house-fairfield-2,3,1305 Gateway Blvd,Fairfield,38.2639,-122.0503
470,sisig-suisun-city-3,3,303 Lawler Center Dr,Suisun City,38.2423,-122.0180
471,rrags-caffe-benicia,4.5,1383 E 2nd St,Benicia,38.0543,-122.1526
472,yumygurt-pinole,4,2701 Pinole Valley Rd,Pinole,37.9953,-122.2853
473,vampire-penguin-brentwood-2,3,2545 Sand Creek Rd,Brentwood,37.9462,-121.7388
474,going-green-martinez,4.5,1160 Arnold Dr,Martinez,37.9935,-122.1024
475,quickly-antioch-2,3.5,212 E 18th St,Antioch,38.0045,-121.7999
476,pho-lee-hoa-phat-vacaville,3.5,88 Peabody Rd,Vacaville,38.3540,-121.9782
477,ice-monster-walnut-creek,4,2230 Oak Grove Rd,Walnut Creek,37.9298,-122.0167
478,t4-walnut-creek,3.5,1815 Ygnacio Valley Rd,Walnut Creek,37.9174,-122.0375
479,chalogy-tea-bar-walnut-creek-4,3.5,1349 Locust St,Walnut Creek,37.8981,-122.0621
480,mr-green-bubble-walnut-creek-2,3.5,1539 Locust St,Walnut Creek,37.9001,-122.0625
481,cool-tea-bar-danville-4,4,251 Hartz Ave,Danville,37.8228,-122.0012
482,quickly-concord-5,3,4115 Concord Blvd,Concord,37.9788,-121.9924
483,quickly-concord,2.5,1657 Willow Pass Rd,Concord,37.9729,-122.0437
484,t4-and-poke-walnut-creek,3.5,1385C N Main St,Walnut Creek,37.8988,-122.0611
485,i-tea-moraga-3,4.5,1460 Moraga Rd,Moraga,37.8353,-122.1265
486,panache-caffe-lafayette,4,3653 Mt Diablo Blvd,Lafayette,37.8906,-122.1277
487,coco-swirl-pleasant-hill,4,35 Crescent Dr,Pleasant Hill,37.9467,-122.0616
488,surf-city-squeeze-concord,3.5,282 Sun Valley Mall,Concord,37.9673,-122.0622
489,hello-pho-concord,4,1701 Monument Blvd,Concord,37.9552,-122.0416
490,harvest-house-concord,4,2395 Monument Blvd,Concord,37.9604,-122.0358
491,i-love-teriyaki-and-sushi-concord-2,3.5,1950 Salvio St,Concord,37.9763,-122.0372
492,cornology-walnut-creek-3,4.5,1349 Locust St,Walnut Creek,37.8981,-122.0621
493,saigon-bistro-concord,3.5,1701 Willow Pass Rd,Concord,37.9741,-122.0417
494,99-ranch-market-concord-2,3.5,1795 Willow Pass Rd,Concord,37.9747,-122.0399
495,double-rainbow-cafe-benicia,3.5,560 1st St,Benicia,38.0484,-122.1587
496,blue-saigon-pittsburg,4.5,2243 Railroad Ave,Pittsburg,38.0135,-121.8906
497,jollibee-concord,3,2030 Diamond Blvd,Concord,37.9734,-122.0557
498,pho-huynh-hiep-5-kevins-noodle-house-concord,3.5,1833 Willow Pass Rd,Concord,37.9751,-122.0390
499,pho-lee-hoa-phat-pleasant-hill,3.5,508 Contra Costa Blvd,Pleasant Hill,37.9809,-122.0684
500,pho-huynh-hiep-6-kevins-noodle-house-walnut-creek,4,2034 N Main St,Walnut Creek,37.9080,-122.0643
501,smitten-ice-cream-lafayette,3.5,3545 Mt Diablo Blvd,Lafayette,37.8916,-122.1199
502,aung-maylika-benicia-4,4.5,836 Southampton Rd,Benicia,38.0661,-122.1655
503,izzyas-frozen-custard-lafayette-2,4.5,1014 Oak Hill Rd,Lafayette,37.8930,-122.1206
504,yogurtland-pleasant-hill,4,2390 Monument Blvd,Pleasant Hill,37.9448,-122.0561
505,golden-bakery-pittsburg,5,2229 Railroad Ave,Pittsburg,38.0136,-121.8905
506,tutti-frutti-montclair-oakland,4,2066 Mountain Blvd,Oakland,37.8262,-122.2092
507,tangelo-frozen-yogurt-moraga,4.5,384 Park St,Moraga,37.8600,-122.1256
508,surf-city-squeeze-antioch,3.5,2556 Somersville Rd,Antioch,38.0001,-121.8420
509,lv-vietnamese-pho-and-sandwiches-vallejo,4,2621 Springs Rd,Vallejo,38.1055,-122.2077
510,korea-house-concord,4,1835 Willow Pass Rd,Concord,37.9751,-122.0387
511,yo-sushi-martinez,3.5,1029 Arnold Dr,Martinez,37.9969,-122.1079
512,lulus-kitchen-concord,4,1657 Willow Pass Rd,Concord,37.9729,-122.0438
513,pho-hoa-an-pleasant-hill,3,1617 Contra Costa Blvd,Pleasant Hill,37.9545,-122.0603
514,saigon-bistro-restaurant-pittsburg,3.5,4285 Century Blvd,Pittsburg,38.0068,-121.8415
515,pho-lee-hoa-phat-pittsburg-5,3.5,140 E Leland Rd,Pittsburg,38.0115,-121.8897
516,viet-nam-noodle-house-antioch-4,4,3676 Delta Fair Blvd,Antioch,38.0041,-121.8443
517,little-hearty-noodle-moraga-2,3.5,578 Center St,Moraga,37.8578,-122.1258
518,bubble-loca-richmond,3.5,3288 Pierce St,Richmond,37.8988,-122.3076
519,ten-ren-tea-co-richmond,4,3288 Pierce St,Richmond,37.8988,-122.3075
520,tala-coffee-and-tea-el-cerrito-2,3.5,10734 San Pablo Ave,El Cerrito,37.9131,-122.3097
521,sharetea-san-rafael-3,3.5,967 Grand Ave,San Rafael,37.9717,-122.5188
522,tpartea-boba-drinks-and-banh-mi-san-rafael-3,3.5,5800 Northgate Dr,San Rafael,38.0039,-122.5439
523,sunny-day-sweet-house-richmond,3.5,3288 Pierce St,Richmond,37.8988,-122.3076
524,aloha-pure-water-shaved-ice-san-pablo,4.5,2300 El Portal Dr,San Pablo,37.9660,-122.3432
525,world-wrapps-corte-madera-7,4.5,208 Corte Madera Town Ctr,Corte Madera,37.9283,-122.5180
526,quickly-el-cerrito,3,3080 El Cerrito Plz,El Cerrito,37.9012,-122.2996
527,tay-tah-cafe-albany,3.5,1182 Solano Ave,Albany,37.8902,-122.2963
528,sweetheart-cafe-berkeley,3.5,2523 Durant Ave,Berkeley,37.8681,-122.2582
529,teaone-berkeley-berkeley,3.5,2380 Telegraph Ave,Berkeley,37.8673,-122.2591
530,quickly-kobe-bento-richmond-2,2,3288 Pierce St,Richmond,37.8989,-122.3073
531,quickly-san-rafael,3,1128 4th St,San Rafael,37.9734,-122.5289
532,sivans-cafe-hayward,4.5,766 A St,Hayward,37.6724,-122.0869
533,honey-bear-smoothie-tea-and-dessert-hayward,5,1 Southland Mall Dr,Hayward,37.6542,-122.1048
534,sharetea-san-ramon,4,2441 San Ramon Valley Blvd,San Ramon,37.7747,-121.9777
535,t4-castro-valley,3.5,18911 Lake Chabot Rd,Castro Valley,37.7086,-122.0913
536,quickly-hayward,2.5,25034 Hesperian Blvd,Hayward,37.6444,-122.1046
537,8-twelve-oriental-market-san-leandro,4,596 E 14th St,San Leandro,37.7310,-122.1606
538,polaris-ice-cream-rolls-hayward,4,595 Southland Mall,Hayward,37.6525,-122.1065
539,milkcow-castro-valley,3.5,3223 Castro Valley Blvd,Castro Valley,37.6953,-122.0796
540,satori-tea-company-saratoga,3.5,14482 Big Basin Way,Saratoga,37.2575,-122.0335
541,creative-sips-san-jose,4,2975 Huff Ave,San Jose,37.3137,-121.9466
542,saratoga-bagels-saratoga,4.5,12840 Saratoga Sunnyvale Rd,Saratoga,37.2820,-122.0319
543,snowflake-san-jose,3.5,4306 Moorpark Ave,San Jose,37.3156,-121.9773
544,steepers-campbell,4.5,346 E Campbell Ave,Campbell,37.2869,-121.9440
545,yodo-yogurt-campbell,3.5,2475 S Winchester Blvd,Campbell,37.2785,-121.9498
546,caffé-central-santa-clara,2.5,2855 Stevens Creek Blvd,Santa Clara,37.3261,-121.9441
547,bar-code-santa-clara,3,2855 Stevens Crk Blvd,Santa Clara,37.3261,-121.9456
548,jovie-coffee-and-pho-campbell,3.5,136 N San Tomas Aquino,Campbell,37.2878,-121.9752
549,tous-les-jours-santa-clara,3.5,3535 Homestead Rd,Santa Clara,37.3388,-121.9950
550,menchies-frozen-yogurt-vallejo,4.5,972 Admiral Callaghan Ln,Vallejo,38.1336,-122.2225
551,starbread-bakery-vallejo,4.5,3718 Sonoma Blvd,Vallejo,38.1253,-122.2542
552,pho-1-vallejo,4,3885 Sonoma Blvd,Vallejo,38.1267,-122.2561
553,sunshine-bakery-vallejo-3,3,3570 Sonoma Blvd,Vallejo,38.1221,-122.2545
554,original-red-onion-vallejo-2,3,1321 Springs Rd,Vallejo,38.1059,-122.2271
555,yo-sushi-vallejo-2,3.5,114 Robles Way,Vallejo,38.0838,-122.2117
556,midori-japanese-cuisine-vallejo,3.5,3440 Sonoma Blvd,Vallejo,38.1214,-122.2547
557,pho-lee-hoa-phat-vallejo-2,3,102 Springstowne Ctr,Vallejo,38.1050,-122.2153
558,pho-saigon-village-noodle-house-vallejo,4.5,3636 Sonoma Blvd,Vallejo,38.1238,-122.2540
559,pho-lee-hoa-phat-2-vallejo-3,3,3495 Sonoma Blvd,Vallejo,38.1224,-122.2586
560,chowking-vallejo,3,3495 Sonoma Blvd,Vallejo,38.1218,-122.2554
561,tacos-jalisco-vallejo,4,3420 Sonoma Blvd,Vallejo,38.1212,-122.2546
562,menchies-frozen-yogurt-belmont-2,4,1200 El Camino Real,Belmont,37.5189,-122.2745
563,fashion-wok-foster-city,4,929 A Edgewater Blvd,Foster City,37.5453,-122.2705
564,pho-new-saigon-foster-city,3.5,1088 Foster City Blvd,Foster City,37.5533,-122.2565
565,hongry-kong-belmont-2,3.5,760 Old County Rd,Belmont,37.5240,-122.2791
566,marina-food-san-mateo,3,2992 S Norfolk St,San Mateo,37.5444,-122.2848
567,cooking-papa-restaurant-foster-city,3.5,949A Edgewater Blvd,Foster City,37.5446,-122.2704
568,sheng-kee-bakery-san-mateo-2,3,2964 S Norfolk St,San Mateo,37.5453,-122.2845
569,eat-on-monday-mountain-view-3,4.5,1263 California St,Mountain View,37.3932,-122.0855
570,pho-little-saigon-san-mateo,3,2978 S Norfolk St,San Mateo,37.5446,-122.2850
571,myung-dong-tofu-cabin-san-mateo,3.5,2968 S Norfolk St,San Mateo,37.5448,-122.2849
572,bagel-street-cafe-redwood-city,3,254 Redwood Shores Pkwy,Redwood City,37.5225,-122.2516
573,east-14th-bakery-and-cafe-san-leandro-3,3.5,1780 E 14th St,San Leandro,37.7215,-122.1510
574,tapioca-express-san-leandro,3.5,129 W Joaquin Ave,San Leandro,37.7240,-122.1551
575,quickly-san-leandro,2.5,15251 Hesperian Blvd,San Leandro,37.6978,-122.1304
576,sweethoney-dessert-san-leandro-3,3.5,1423 E 14th St,San Leandro,37.7241,-122.1548
577,hanoi-chicken-noodle-san-leandro,3.5,13720 Doolittle Dr,San Leandro,37.6998,-122.1756
578,loving-tea-san-leandro,2,1338 Fairmont Dr,San Leandro,37.7026,-122.1272
579,cafe-sorriso-san-leandro,4,1501 Washington Ave,San Leandro,37.7228,-122.1552
580,d-t-dim-sum-and-tea-san-leandro,3.5,1970 Lewelling Blvd,San Leandro,37.6800,-122.1547
581,milk-and-cookie-bar-castro-valley-3,4.5,18911 Lake Chabot Rd,Castro Valley,37.7086,-122.0913
582,sweet-dee-cupcakes-and-snow-ice-san-leandro,4,109 Pelton Ctr Way,San Leandro,37.7229,-122.1535
583,quickly-san-lorenzo,3.5,17940 Hesperian Blvd,San Lorenzo,37.6730,-122.1221
584,tapioca-express-alameda,3.5,2306 Encinal Ave,Alameda,37.7627,-122.2450
585,leisure-cafe-san-leandro-2,2.5,1443 E 14th St,San Leandro,37.7237,-122.1545
586,quickly-castro-valley,3,20893 Redwood Rd,Castro Valley,37.6948,-122.0740
587,china-kitchen-express-san-leandro,2,13780 E 14th St,San Leandro,37.7154,-122.1423
588,pho-an-hoa-san-leandro,3.5,14391 Washington Ave,San Leandro,37.7028,-122.1420
589,tuttimelon-alameda,3.5,2402 Central Ave,Alameda,37.7639,-122.2427
590,banh-mi-ba-le-oakland,4.5,1909 International Blvd,Oakland,37.7861,-122.2410
591,pokeatery-castro-valley,4.5,18911 Lake Chabot Rd,Castro Valley,37.7086,-122.0913
592,hot-spot-alameda,3.5,2321 Santa Clara Ave,Alameda,37.7657,-122.2424
593,worlds-fare-donuts-hayward,4.5,20770 Hesperian Blvd,Hayward,37.6652,-122.1165
594,taqueria-los-pericos-san-leandro,4,1389 E 14th St,San Leandro,37.7244,-122.1551
595,pho-anh-ha-san-leandro,3.5,2089 E 14th St,San Leandro,37.7193,-122.1487
596,craw-station-san-leandro,3.5,15040 Farnsworth St,San Leandro,37.6907,-122.1516
597,r-and-d-cafe-san-lorenzo,4,15813 Channel St,San Lorenzo,37.6770,-122.1426
598,munch-hayward,4,27560 Tampa Ave,Hayward,37.6319,-122.0754
599,foodnet-supermarket-san-leandro-2,3.5,1960 Lewelling Blvd,San Leandro,37.6795,-122.1548
600,yo-bowl-hayward,4,8 Southland Mall,Hayward,37.6511,-122.1013
601,yogurt-hill-hayward-4,4,1081 B St,Hayward,37.6736,-122.0811
602,alohana-hawaiian-grill-san-leandro,3,15555 E 14th St,San Leandro,37.7001,-122.1269